{
  "prefs": {
    "OverrideOpacity": "100",
    "ExperimentId": "12fdf009-4d06-4cc0-a209-bc24d5bc6071",
    "LineHeightRatio": "1.2",
    "ReceivedReferralTheme": "\"Inactive\"",
    "VimModeEnabled": "true",
    "Theme": "{\"Custom\":{\"name\":\"Catppuccin Mocha\",\"path\":\"/home/cbizy/.local/share/warp-terminal/themes/catppuccin_mocha.yml\"}}",
    "WorkflowsBoxOpen": "true",
    "Spacing": "\"Compact\"",
    "AutosuggestionAcceptedCount": "2",
    "Shortcuts": "true",
    "FontName": "\"GeistMono Nerd Font Mono\"",
    "VimUnnamedSystemClipboard": "true",
    "AliasExpansionBannerSeen": "true",
    "WelcomeTipsFeaturesUsed": "[{\"Action\":\"CommandSearch\"},{\"Action\":\"WarpAI\"},{\"Action\":\"ThemePicker\"},{\"Hint\":\"BlockSelect\"},{\"Hint\":\"CreateBlock\"},{\"Hint\":\"BlockAction\"}]",
    "HasAutoOpenedWelcomeFolder": "true",
    "EnforceMinimumContrast": "\"OnlyNamedColors\"",
    "SystemTheme": "false",
    "FontSize": "12.0",
    "AIAssistantRequestLimitInfo": "{\"limit\":100,\"num_requests_used_since_refresh\":7,\"next_refresh_time\":\"2024-03-07T14:59:39.123921Z\"}",
    "ChangelogVersions": "{\"v0.2024.03.05.08.02.stable_00\":true}",
    "CompletionsOpenWhileTyping": "true"
  }
}